Title,Variety,Appelation,Rating,Price
Ravoire et Fils 2017 Olivier Ravoire  (Côte Rôtie), Côte Rôtie, Rhône Valley, 94, 80
Cave de Tain 2017 Arènes Sauvages  (Cornas), Cornas, Rhône Valley, 93, 100
Domaine des Remizières 2017  Cornas, Domaine des Remizières 2017  Corna, Rhône Valley, 92, 60
Domaine de Verquiere 2017 Red (Rasteau), Rasteau, Rhône Valley, 92, /A
Domaine le Colombier 2018 Cuvée G Red (Vacqueyras), Vacqueyras, Rhône Valley, 91, 30
Château de Manissy 2017 Trinité Red (Lirac), Lirac, Rhône Valley, 90, 20
Etienne Oudart 2014 Millésime Brut Chardonnay (Champagne), Champagne, Rhône Valley, 91, 68
Etienne Oudart NV Brut Réference  (Champagne), Champagne, Rhône Valley, 89, 51
Etienne Oudart NV Brut Rosé Réference  (Champagne), Champagne, Rhône Valley, 88, 57
Marrenon 2017 Grand Marrenon Red (Luberon), Luberon, Rhône Valley, 90, 17
Marrenon 2018 Grand Marrenon White (Luberon), Luberon, Rhône Valley, 90, 20
Château Fontvert 2018 Souleu e Terraire White (Luberon), Luberon, Rhône Valley, 89, /A
French Pool Toy 2019 White (Vin de France), Vin de France, Champagne, 85, 14
French Pool Toy 2019 Rosé (Vin de France), Vin de France, Champagne, 85, 14
Josmeyer 2017 Le Fromenteau Pinot Gris (Alsace), Alsace, Champagne, 93, 45
Château La Mothe du Barry 2019 Cuvée French Kiss  (Entre-Deux-Mers), Entre-Deux-Mers, Champagne, 86, 17
Domaine Brusset 2017 Les Hauts de Montmirail  (Gigondas), Gigondas, Champagne, 95, 50
Josmeyer 2018 Le Kottabe Riesling (Alsace), Alsace, Champagne, 93, 39
Domaine Notre Dame des Pallières 2017 Bois des Mourres  (Gigondas), Gigondas, Rhône Valley, 93, 35
Château de Montmirail 2018 Cuvée Gabriel White (Vacqueyras), Vacqueyras, Rhône Valley, 92, 27
Pascal & Alain Lorieux 2018 Cuvée Agnès Sorel  (Saint-Nicolas-de-Bourgueil), Saint-Nicolas-de-Bourgueil, Loire Valley, 92, 55
Domaine Font Sarade 2017 Cuvée Prestige Red (Vacqueyras), Vacqueyras, Loire Valley, 90, 25
Plaimont 2019 Rosé d'Enfer  (Saint-Mont), Saint-Mont, Rhône Valley, 86, 13
Domaine des Diables 2019 L'Hydropathe Elite Rosé (Côtes de Provence Sainte-Victoire), Côtes de Provence Sainte-Victoire, Rhône Valley, 92, 32
Château Sainte Roseline 2019 Lampe de Méduse par Monsieur Christian Lacroix Rosé (Côtes de Provence), Côtes de Provence, Southwest France, 90, 18
Chateau Les Amoureuses 2017 Les Charmes Red (Côtes du Rhône), Côtes du Rhône, Southwest France, 89, 17
Brotte 2018 Domaine Barville Roussanne (Châteauneuf-du-Pape), Châteauneuf-du-Pape, Provence, 93, 55
Chateau Les Amoureuses 2016 Terres Des Amoureuses Sublime Red (Ardèche), Ardèche, Provence, 92, 35
Château d'Or et de Gueules 2017 La Bolida Red (Costières de Nîmes), Costières de Nîmes, Provence, 92, 40
Chateau Les Amoureuses 2017 La Barbare Red (Côtes du Rhône), Côtes du Rhône, Provence, 90, 20
Château les Ormes de Pez 2017 Cru Bourgeois  (Médoc), Médoc, Rhône Valley, 90, 30
Chateau Les Amoureuses 2016 Le Liby Red (Ardèche), Ardèche, Rhône Valley, 88, 19
Chateau Les Amoureuses 2016 Terres Des Amoureuses Dandy Red (Ardèche), Ardèche, Rhône Valley, 88, 22
Jean-Ernest Descombes 2018 Côte du Py  (Morgon), Morgon, Rhône Valley, 91, 28
Château du Seuil 2017 Biologique  (Graves), Graves, Rhône Valley, 91, 40
Château Bichon Cassignols 2018  Graves, Château Bichon Cassignols 2018  Grave, Rhône Valley, 89, 21
Xavier Flouret 2018 French Blonde  (Sancerre), Sancerre, Rhône Valley, 88, 25
Château Gigognan 2016 Clos du Roi Red (Châteauneuf-du-Pape), Châteauneuf-du-Pape, Rhône Valley, 96, /A
Bosquet des Papes 2016 La Folie Grenache-Mourvèdre (Châteauneuf-du-Pape), Châteauneuf-du-Pape, Rhône Valley, 95, 63
Domaine de Verquiere 2014 Verquière  (Gigondas), Gigondas, Rhône Valley, 93, 40
Château la Croix des Pins 2015 Les Dessous des Dentelles  (Gigondas), Gigondas, Rhône Valley, 90, /A
Château la Croix des Pins 2015 Le Parpaillon  (Gigondas), Gigondas, Rhône Valley, 90, /A
Besserat de Bellefon NV BB Cuvée Brigitte Bardot Sec  (Champagne), Champagne, Rhône Valley, 91, 300
Domaine Loew 2017 Altenberg de Bergbieten Grand Cru Riesling (Alsace), Alsace, Rhône Valley, 96, 49
Josmeyer 2016 Hengst Grand Cru Riesling (Alsace), Alsace, Champagne, 95, 80
Domaine de la Janasse 2016 Prestige White (Châteauneuf-du-Pape), Châteauneuf-du-Pape, Champagne, 94, 144
Domaine Loew 2016 Engelberg Grand Cru Pinot Gris (Alsace), Alsace, Alsace, 93, 49
Domaine Loew 2017 Altenberg de Bergbieten Grand Cru Gewurztraminer (Alsace), Alsace, Alsace, 93, 49
Domaine Paul Autard 2017 White (Châteauneuf-du-Pape), Châteauneuf-du-Pape, Alsace, 93, 50
Domaine André Mathieu 2017 Vin di Felibre White (Châteauneuf-du-Pape), Châteauneuf-du-Pape, Alsace, 93, /A
Alain Jaume et Fils 2017 La Fontaine Roussanne (Châteauneuf-du-Pape), Châteauneuf-du-Pape, Rhône Valley, 93, /A
Domaine Patrice Magni 2017 Roussanne (Châteauneuf-du-Pape), Châteauneuf-du-Pape, Rhône Valley, 92, /A
Ogier 2017 Clos de l'Oratoire des Papes White (Châteauneuf-du-Pape), Châteauneuf-du-Pape, Alsace, 90, /A
Domaine de Landreau NV Volage Cabernet Franc (Crémant de Loire), Crémant de Loire, Alsace, 88, 30
Domaine des Remizières 2015 Cuvée Emilie  (Hermitage), Hermitage, Alsace, 95, 89
Domaine des Remizières 2016 Cuvée Emilie  (Hermitage), Hermitage, Alsace, 90, /A
Château La Mothe du Barry 2018 Cuvée French Kiss  (Entre-Deux-Mers), Entre-Deux-Mers, Rhône Valley, 86, 15
Domaine Loew 2017 Ostenberg Riesling (Alsace), Alsace, Rhône Valley, 93, 33
Domaine Loew 2017 Ostenberg Gewurztraminer (Alsace), Alsace, Rhône Valley, 93, 38
Domaine Loew 2017 Bruderbach Clos des Frères Riesling (Alsace), Alsace, Rhône Valley, 93, 33
Domaine Loew 2017 Westhoffen Gewurztraminer (Alsace), Alsace, Alsace, 92, 28
Domaine Loew 2015 Bruderbach Clos Marienberg Pinot Gris (Alsace), Alsace, Alsace, 92, 34
Domaine Loew 2016 Bruderbach Le Menhir Pinot Gris (Alsace), Alsace, Alsace, 91, 34
Domaine de Fondrèche 2016 Persia Syrah-Mourvèdre (Ventoux), Ventoux, Alsace, 93, 30
Domaine de Fondrèche 2016 Il Etait une Fois Red (Ventoux), Ventoux, Alsace, 93, 60
Etienne Oudart 2008 Cuvée Juliana Brut  (Champagne), Champagne, Alsace, 92, 93
Château la Croix des Pins 2016 Les Trois Villages Red (Ventoux), Ventoux, Rhône Valley, 91, /A
Château la Croix des Pins 2017 Les 3 Villages White (Ventoux), Ventoux, Rhône Valley, 91, /A
Domaine de Fondrèche 2017 Domaine Blanc White (Ventoux), Ventoux, Rhône Valley, 90, 20
Etienne Oudart 2010 Chardonnay Millésimé Brut Chardonnay (Champagne), Champagne, Rhône Valley, 90, 68
Etienne Oudart NV Brut Réference  (Champagne), Champagne, Champagne, 88, 51
Etienne Oudart NV Brut Rosé Réference  (Champagne), Champagne, Champagne, 88, 57
Château la Croix des Pins 2017 Le Secret White (Ventoux), Ventoux, Rhône Valley, 87, /A
Château des Annibals 2018 Suivez-moi Jeune Homme Rosé (Coteaux Varois en Provence), Coteaux Varois en Provence, Rhône Valley, 88, 24
Château Barbebelle 2018 Cuvée Rosé Fleuri Rosé (Coteaux d'Aix-en-Provence), Coteaux d'Aix-en-Provence, Rhône Valley, 87, 16
Château Couhins 2016  Pessac-Léognan, Château Couhins 2016  Pessac-Léogna, Rhône Valley, 94, 29
Domaine de l'Amauve 2017 La Daurèle White (Côtes du Rhône Villages Séguret), Côtes du Rhône Villages Séguret, Rhône Valley, 90, /A
Domaine de Verquiere 2016 Grenache-Syrah, Domaine de Verquiere 2016 Grenache-Syra, Rhône Valley, 90, 18
Château de Montfaucon 2016 Comtesse Madeline White (Lirac), Lirac, Champagne, 90, 22
Domaine de l'Amauve 2016 Réserve Red (Côtes du Rhône Villages Séguret), Côtes du Rhône Villages Séguret, Champagne, 89, /A
Domaine de Verquiere 2017 White (Côtes du Rhône Villages Sablet), Côtes du Rhône Villages Sablet, Rhône Valley, 89, 20
Domaine Loew 2017 Vérité Sylvaner (Alsace), Alsace, Rhône Valley, 91, 28
Domaine Loew 2017 Westhofen Pinot Noir (Alsace), Alsace, Alsace, 91, 32
Josmeyer 2017 Peau Rouge Sylvaner (Alsace), Alsace, Alsace, 90, 28
Domaine Loew 2016 Pinot White (Alsace), Alsace, Alsace, 90, 33
Domaine Loew 2017 Les Marnes Vertes Muscat (Alsace), Alsace, Alsace, 90, 30
Domaine Loew 2017 Westhoffen Sylvaner (Alsace), Alsace, Alsace, 89, 21
Domaine Loew 2016 Les Marnes Vertes Muscat (Alsace), Alsace, Alsace, 89, 30
Josmeyer NV Alsace Dream White (Alsace), Alsace, Alsace, 88, 25
Merrain Rouge 2015  Médoc, Merrain Rouge 2015  Médo, Alsace, 86, 27
Domaine la Fourmone 2017 Le Fleurantine White (Vacqueyras), Vacqueyras, Alsace, 89, 36
Le Clos de Caveau 2017 Louis d'Or White (Vacqueyras), Vacqueyras, Alsace, 89, 30
Château Haut Grelot 2017 Sélection  (Blaye Côtes de Bordeaux), Blaye Côtes de Bordeaux, Alsace, 90, 22
Château la Baronnerie 2016 Grand Vin  (Blaye Côtes de Bordeaux), Blaye Côtes de Bordeaux, Alsace, 87, 24
Château Cailleteau Bergeron 2016 Clos Mansio Vieilles Vignes  (Blaye Côtes de Bordeaux), Blaye Côtes de Bordeaux, Alsace, 87, 20
Domaine de la Verde 2015 Alpha-Omega Grenache-Syrah (Vacqueyras), Vacqueyras, Alsace, 90, 35
Château la Croix des Pins 2016 Les Contreforts de Montmirail Grenache-Syrah (Beaumes-de-Venise), Beaumes-de-Venise, Alsace, 88, 25
Jean-Noël Haton 2012 Noble Vintage Brut  (Champagne), Champagne, Alsace, 93, 60
Jean-Noël Haton NV Blanc de Blancs Brut Chardonnay (Champagne), Champagne, Bordeaux, 91, 55
Xavier Flouret 2017 French Blonde  (Sancerre), Sancerre, Bordeaux, 88, 25
Josmeyer 2015 Hengst Grand Cru Riesling (Alsace), Alsace, Alsace, 97, 80
Josmeyer 2014 Hengst Samain Grand Cru Riesling (Alsace), Alsace, Alsace, 95, 100
Josmeyer 2014 Hengst Grand Cru Riesling (Alsace), Alsace, Alsace, 95, 80
Josmeyer 2015 Hengst Grand Cru Pinot Gris (Alsace), Alsace, Alsace, 94, 80
Be Good or Be Gone 2015 BG 2 The French Revolution Lot 11 Red (Vin de France), Vin de France, Alsace, 87, 14
Be Good or Be Gone 2015 BG 2 The French Revolution Lot 3 Red (Vin de France), Vin de France, Alsace, 85, 14
Be Good or Be Gone 2015 BG 2 The French Revolution Lot 7 Red (Vin de France), Vin de France, Alsace, 85, 14
Charles Père et Fille 2016 Cuvée du Menhir  (Bourgogne Hautes Côtes de Beaune), Bourgogne Hautes Côtes de Beaune, Alsace, 90, 36
Domaine des Remizières 2016 Cuvée Particulière Marsanne (Crozes-Hermitage), Crozes-Hermitage, France Other, 91, 50
Domaine des Remizières 2016 Cuvée Christophe White (Crozes-Hermitage), Crozes-Hermitage, France Other, 91, 50
Josmeyer 2016 Le Dragon Riesling (Alsace), Alsace, France Other, 93, 50
Josmeyer 2016 Fromenteau Vu Par Isabelle Pinot Gris (Alsace), Alsace, France Other, 93, 38
Josmeyer 2016 Kottabe Riesling (Alsace), Alsace, France Other, 90, 38
Josmeyer 2015 Les Folastries Vu par Isabelle Gewurztraminer (Alsace), Alsace, France Other, 90, 40
Les Domaines Auriol Claude Vialade 2016 Made with Organic Grapes Elegantly French Cabernet Sauvignon (Pays d'Oc), Pays d'Oc, Burgundy, 86, 10
Domaine Gavoty 2017 Cuvée Clarendon Rosé (Côtes de Provence), Côtes de Provence, Burgundy, 90, 30
Château L'Ermitage 2017 Sainte Cécile White (Costières de Nîmes), Costières de Nîmes, Rhône Valley, 89, 19
Domaine des Diables 2017 MiP Made in Provence Collection Rosé (Côtes de Provence), Côtes de Provence, Rhône Valley, 88, 30
Château Réal d'Or 2017 Monaco La Riviera Rosé (Côtes de Provence), Côtes de Provence, Rhône Valley, 88, 35
Château Bourseau 2015  Lalande de Pomerol, Château Bourseau 2015  Lalande de Pomero, Rhône Valley, 92, 50
Domaine Lombard 2014 Brézème Eugène de Monicault Syrah (Côtes du Rhône Brézème), Côtes du Rhône Brézème, Rhône Valley, 92, 40
Château Bourseau 2015 La Croix de Bourseau  (Lalande de Pomerol), Lalande de Pomerol, Rhône Valley, 90, 60
Les Domaines Auriol Claude Vialade 2016 Made with Organic Grapes Elegantly French Pinot Noir (Pays d'Oc), Pays d'Oc, Bordeaux, 88, 12
Château Bourseau 2014  Lalande de Pomerol, Château Bourseau 2014  Lalande de Pomero, Bordeaux, 88, 35
Domaine La Tour de Gâtigne 2015 Viognier (Cévennes), Cévennes, Languedoc-Roussillon, 87, 14
Château les Ormes Sorbet 2015  Médoc, Château les Ormes Sorbet 2015  Médo, Languedoc-Roussillon, 92, 30
Sol Béni 2015  Saint-Émilion, Sol Béni 2015  Saint-Émilio, Bordeaux, 92, 85
Château de Panigon 2015  Médoc, Château de Panigon 2015  Médo, Bordeaux, 91, 20
Les Vignerons de Tutiac 2014 Lieu-Dit Coudrat  (Blaye Côtes de Bordeaux), Blaye Côtes de Bordeaux, Rhône Valley, 89, 40
Château Fontis 2015  Médoc, Château Fontis 2015  Médo, Rhône Valley, 88, /A
Château des Tours 2016  Brouilly, Château des Tours 2016  Brouill, Bordeaux, 91, 20
Vignoble Charmet 2016 Moulin la Blanche  (Beaujolais), Beaujolais, Bordeaux, 89, 21
Vignoble Charmet 2016 Goyette D'Or  (Beaujolais Blanc), Beaujolais Blanc, Bordeaux, 87, 20
Clos Teddi 2016 Red (Patrimonio), Patrimonio, Bordeaux, 88, 25
Terre de Vignerons 2016 Le Phare Rosé (Atlantique), Atlantique, Bordeaux, 84, 10
Xavier Flouret 2016 French Blonde  (Sancerre), Sancerre, Bordeaux, 87, 23
Château Guilhem 2015 Pot de Vin Syrah Rosé (Pays d'Oc), Pays d'Oc, Bordeaux, 83, 11
Domaine Girard 2016 Philippe Girard  (Sancerre), Sancerre, Bordeaux, 88, 26
Xavier Flouret 2015 French Blonde  (Sancerre), Sancerre, Bordeaux, 87, 23
Les Vignerons de Tutiac 2014 Lieu-Dit Ter Pointe  (Blaye Côtes de Bordeaux), Blaye Côtes de Bordeaux, Bordeaux, 92, 40
Domaine La Tour de Gâtigne 2016 Rosé (Cévennes), Cévennes, Rhône Valley, 85, 14
Château de Lussac 2016  Bordeaux Blanc, Château de Lussac 2016  Bordeaux Blan, Rhône Valley, 88, 15
Producteurs Plaimont 2014 Le Faîte  (Saint-Mont), Saint-Mont, Bordeaux, 90, 46
Château Sainte-Croix 2016 Charmeur Rosé (Côtes de Provence), Côtes de Provence, Bordeaux, 88, 15
Château Pas du Cerf 2016 Rosé (Côtes de Provence), Côtes de Provence, Southwest France, 88, 21
Domaine de la Sanglière 2016 La Riviera Rosé (Côtes de Provence), Côtes de Provence, Southwest France, 88, 17
Château Plaisance 2014 Tot Cò Que Cal Negrette (Fronton), Fronton, Provence, 88, 25
Château Pas du Cerf 2016 Le Merle Rosé (Côtes de Provence), Côtes de Provence, Provence, 86, 16
Ravoire et Fils 2016 Retrofollies Rosé (Coteaux Varois en Provence), Coteaux Varois en Provence, Provence, 86, 13
Les Vins Bréban 2016 Les Hauts Plateaux Rosé (Alpes-de-Hautes-Provence), Alpes-de-Hautes-Provence, Provence, 85, 11
Lionel Osmin & Cie 2015  Pacherenc du Vic Bilh, Lionel Osmin & Cie 2015  Pacherenc du Vic Bil, Provence, 90, 16
Lionel Osmin & Cie 2014 Donibane Tannat-Cabernet Franc (Irrouléguy), Irrouléguy, Provence, 90, 30
Vino San Esteban 2015 Réserve Malbec (Comté Tolosan), Comté Tolosan, Southwest France, 85, 9
Georges Duboeuf 2015 Jean-Ernest Descombes  (Morgon), Morgon, Southwest France, 91, 22
Georges Duboeuf 2015 Jean-Ernest Descombes Côte du Py  (Morgon), Morgon, Provence, 90, 22
H to H 2014 Homage to Heritage Red (Côtes du Rhône), Côtes du Rhône, Provence, 86, 10
Château Beychevelle 2014 Amiral de Beychevelle  (Saint-Julien), Saint-Julien, Provence, 92, 50
Xavier Flouret 2015 Domaine la Gemière French Blonde  (Sancerre), Sancerre, Provence, 87, 21
Mailly Grand Cru 2007 Les Échansons Brut  (Champagne), Champagne, Provence, 95, 132
Le Brun de Neuville NV Lady de N. Cuvée Clovis  (Champagne), Champagne, Provence, 93, 67
De Venoge 2006 Louis XV Brut  (Champagne), Champagne, Champagne, 93, 153
De Venoge 2006 Louis XV Brut Rosé  (Champagne), Champagne, Champagne, 92, 207
Château Sainte-Marie 2014 Alios  (Cadillac Côtes de Bordeaux), Cadillac Côtes de Bordeaux, Champagne, 91, 14
Château du Seuil 2014 Domaine du Seuil  (Cadillac Côtes de Bordeaux), Cadillac Côtes de Bordeaux, Champagne, 88, 18
Château Berthenon 2014 Cuvée Henri  (Blaye Côtes de Bordeaux), Blaye Côtes de Bordeaux, Bordeaux, 88, 29
Domaine Charles Baur 2014 Cuvée Charles Riesling (Alsace), Alsace, Bordeaux, 90, 23
Domaine Charles Baur 2014 Fronenberg Gewurztraminer (Alsace), Alsace, Bordeaux, 90, 28
Château Rives-Blanques 2015 Odyssée Chardonnay (Limoux), Limoux, Bordeaux, 90, 18
Domaine Charles Baur 2015 Pinot Gris (Alsace), Alsace, Bordeaux, 87, 23
Château Bourseau 2012 La Croix de Bourseau  (Lalande de Pomerol), Lalande de Pomerol, Bordeaux, 91, 60
Château Bourseau 2012  Lalande de Pomerol, Château Bourseau 2012  Lalande de Pomero, Alsace, 90, 60
Château Bourseau 2011  Lalande de Pomerol, Château Bourseau 2011  Lalande de Pomero, Alsace, 89, 40
Château Bourseau 2011 La Croix de Bourseau  (Lalande de Pomerol), Lalande de Pomerol, Alsace, 89, 60
Château de Tigné 2010 Vieilles Vignes Cabernet Franc-Cabernet Sauvignon (Anjou), Anjou, Alsace, 88, 21
Vignobles Laffourcade 2011 Château Perray Jouannet Cabernet Franc (Anjou), Anjou, Languedoc-Roussillon, 87, 20
Château La Croix de Queynac 2015  Bordeaux Blanc, Château La Croix de Queynac 2015  Bordeaux Blan, Languedoc-Roussillon, 87, /A
Château La Mothe du Barry 2015 French Kiss Red (Bordeaux Clairet), Bordeaux Clairet, Alsace, 85, 13
Vignobles Falgueyret Léglise 2014 Monsieur Moustache  (Bordeaux), Bordeaux, Alsace, 84, 15
Albert Bichot 2014 Château Gris Premier Cru  (Nuits-St.-Georges), Nuits-St.-Georges, Bordeaux, 93, 120
Chanson Père et Fils 2013 Clos du Roi Premier Cru  (Beaune), Beaune, Bordeaux, 93, 68
Château Coussin 2015 Cuvée César à Sumeire Rosé (Côtes de Provence Sainte-Victoire), Côtes de Provence Sainte-Victoire, Provence, 93, 40
Domaine Sainte Lucie 2015 Domaine des Diables Bonbon Rosé (Côtes de Provence Sainte-Victoire), Côtes de Provence Sainte-Victoire, Provence, 90, 22
L'original French Kiss NV Pinot Noir (Vin de France), Vin de France, Provence, 87, 12
Domaine Sainte Lucie 2015 MiP Made in Provence Rosé (Côtes de Provence), Côtes de Provence, Provence, 87, 20
La Belle Collection 2015 Colette Rosé (Côtes de Provence), Côtes de Provence, France Other, 87, 17
Lionel Osmin & Cie 2015 Villa Chambre d'Amour White (Vin de France), Vin de France, France Other, 87, 11
Ravoire et Fils 2015 Retrofollies Rosé (Coteaux Varois en Provence), Coteaux Varois en Provence, Provence, 86, 13
L'original French Kiss NV Merlot (Vin de France), Vin de France, Provence, 85, 11
Voiturette 2015 Malbec (Vin de France), Vin de France, Provence, 85, 10
L'original French Kiss 2015 Malbec (Vin de France), Vin de France, Provence, 84, 11
L'original French Kiss 2015 Sauvignon Blanc (Vin de France), Vin de France, France Other, 84, 11
Grandissime 2015 Le Hameau Sauvignon Blanc (Vin de France), Vin de France, France Other, 84, /A
L'original French Kiss 2015 Chardonnay (Vin de France), Vin de France, Provence, 83, 12
L'original French Kiss NV Cabernet Sauvignon (Vin de France), Vin de France, Provence, 81, 11
Château Couhins 2013  Pessac-Léognan, Château Couhins 2013  Pessac-Léogna, France Other, 91, /A
Château des Fougères 2012 Clos Montesquieu  (Graves), Graves, France Other, 87, 36
Domaine Charles Baur 2013 Cuvée Charles Riesling (Alsace), Alsace, France Other, 90, 19
Domaine Charles Baur 2013 Fronenberg Gewurztraminer (Alsace), Alsace, France Other, 90, 22
Domaine Charles Baur 2013 Pinot Gris (Alsace), Alsace, France Other, 89, 19
Canard-Duchêne NV Charles VII Grande Cuvée de la Rosé Brut  (Champagne), Champagne, France Other, 90, 60
Robert Perroud 2014  Beaujolais-Villages, Robert Perroud 2014  Beaujolais-Village, Beaujolais, 88, 18
Georges Duboeuf 2014 Domaine de Lafayette  (Brouilly), Brouilly, Beaujolais, 87, /A
Luc Mérat NV La Diva Brut  (Champagne), Champagne, Beaujolais, 85, 60
Luc Mérat NV La Diva Rosé Brut  (Champagne), Champagne, Beaujolais, 85, 60
Château de Marsan 2013  Cadillac Côtes de Bordeaux, Château de Marsan 2013  Cadillac Côtes de Bordeau, Champagne, 87, 18
Château Les Bertrands 2014 Cuvée Prestige  (Blaye Côtes de Bordeaux), Blaye Côtes de Bordeaux, Champagne, 87, /A
Château Labesse 2012  Castillon Côtes de Bordeaux, Château Labesse 2012  Castillon Côtes de Bordeau, Champagne, 85, /A
Alliance Loire 2014 Les Ligériens  (Rosé d'Anjou), Rosé d'Anjou, Champagne, 84, 12
Château Tour Saint-Germain 2012 Excellence  (Blaye Côtes de Bordeaux), Blaye Côtes de Bordeaux, Bordeaux, 84, 28
Château Dina 2013  Castillon Côtes de Bordeaux, Château Dina 2013  Castillon Côtes de Bordeau, Bordeaux, 82, 14
My Essential 2014 French Rosé (Mediterranée), Mediterranée, Bordeaux, 86, 13
Château Lamartine 2011 Expression  (Cahors), Cahors, Bordeaux, 93, 42
Domaine du Cros 2014 Lo Sang del Païs  (Marcillac), Marcillac, Bordeaux, 87, 16
La Vieille Ferme 2013 Rosé (Ventoux), Ventoux, Bordeaux, 85, 9
Bailli de Provence 2014 Rosé (Côtes de Provence), Côtes de Provence, Loire Valley, 86, 15
Château du Rouët 2014 Vrac Rosé (Côtes de Provence), Côtes de Provence, Loire Valley, 84, 11
Château Dassault 2010 Le D de Dassault  (Saint-Émilion), Saint-Émilion, Bordeaux, 92, 40
Union de Producteurs de Lugon 2012 No 2 et No 5 de Francarney  (Fronsac), Fronsac, Bordeaux, 85, 17
Xavier Flouret 2013 Domaine la Gemière French Blonde  (Sancerre), Sancerre, Bordeaux, 88, 23
Château Brethous 2012 Cuvée Prestige  (Cadillac Côtes de Bordeaux), Cadillac Côtes de Bordeaux, Bordeaux, 91, 35
Château Maubert 2012  Cadillac Côtes de Bordeaux, Château Maubert 2012  Cadillac Côtes de Bordeau, Bordeaux, 90, 25
Domaine les Carmels 2012  Cadillac Côtes de Bordeaux, Domaine les Carmels 2012  Cadillac Côtes de Bordeau, Bordeaux, 90, 40
Château Brethous 2012  Cadillac Côtes de Bordeaux, Château Brethous 2012  Cadillac Côtes de Bordeau, Bordeaux, 89, 18
Château Tertre de Belvès 2012  Castillon Côtes de Bordeaux, Château Tertre de Belvès 2012  Castillon Côtes de Bordeau, Bordeaux, 84, 22
Château Haut Prieur 2012  Blaye Côtes de Bordeaux, Château Haut Prieur 2012  Blaye Côtes de Bordeau, Bordeaux, 83, 16
Château du Cayrou 2011 No 46  (Cahors), Cahors, Bordeaux, 90, 25
François Lurton 2013 Les Fumées Blanches Sauvignon Blanc (Vin de France), Vin de France, Bordeaux, 85, 16
Michel Vattan 2012 Cuvée Argile  (Sancerre), Sancerre, Bordeaux, 88, 25
Joseph Faiveley 2011 Fourchaume Premier Cru  (Chablis), Chablis, Bordeaux, 89, 51
Les Vignobles Gueissard 2013 Cuvée G Rosé (Côtes de Provence), Côtes de Provence, Bordeaux, 87, /A
Château Grand Corbin Manuel 2009  Saint-Émilion, Château Grand Corbin Manuel 2009  Saint-Émilio, Southwest France, 92, 30
Lionel Osmin & Cie 2011 Pied de Perdrix (Vin de Pays du Comté Tolosan), Vin de Pays du Comté Tolosan, Southwest France, 87, 13
Domaine de Terrebrune 2010 Red (Bandol), Bandol, France Other, 91, /A
Domaine Charles Baur NV Brut Sparkling (Crémant d'Alsace), Crémant d'Alsace, France Other, 85, 18
Dampierre NV Cuvée des Ambassadeurs Premier Cru Brut  (Champagne), Champagne, Loire Valley, 92, 70
Château de la Brède 2011 Cuvée Montesquieu  (Graves), Graves, Loire Valley, 90, 60
Xavier Flouret 2012 French Blonde  (Sancerre), Sancerre, Burgundy, 87, 22
Vignobles 46N118 2008 Noir 46  (Cahors), Cahors, Burgundy, 88, 14
Xavier Flouret 2011 Domaine Chatelain French Blonde  (Sancerre), Sancerre, Provence, 88, 22
Albert Bichot 2010 Domaine du Clos Frantin  (Chambertin), Chambertin, Provence, 95, /A
Joseph Drouhin 2010 Marquis de Laguiche Morgeot Premier Cru   (Chassagne-Montrachet), Chassagne-Montrachet, Burgundy, 95, 114
Albert Bichot 2010  Latricières-Chambertin, Albert Bichot 2010  Latricières-Chamberti, Burgundy, 94, /A
Albert Bichot 2010  Charmes-Chambertin, Albert Bichot 2010  Charmes-Chamberti, Burgundy, 94, /A
Albert Bichot 2010 Domaine du Pavillon  (Corton-Charlemagne), Corton-Charlemagne, Burgundy, 94, /A
Albert Bichot 2010 Domaine du Clos Frantin Les Malconsorts Premier Cru  (Vosne-Romanée), Vosne-Romanée, Burgundy, 94, /A
Albert Bichot 2010 Clos des Maréchaudes  (Corton), Corton, Burgundy, 93, /A
Albert Bichot 2010 Les Chabiots Premier Cru  (Chambolle-Musigny), Chambolle-Musigny, Burgundy, 93, /A
Albert Bichot 2010 Domaine du Clos Frantin  (Clos de Vougeot), Clos de Vougeot, Burgundy, 93, /A
Albert Bichot 2010 Domaine du Pavillon Les Charmes Premier Cru  (Meursault), Meursault, Burgundy, 93, /A
Albert Bichot 2010 Domaine du Château Gris Premier Cru  (Nuits-St.-Georges), Nuits-St.-Georges, Burgundy, 93, /A
Albert Bichot 2010 Vide Bourse Premier Cru  (Chassagne-Montrachet), Chassagne-Montrachet, Burgundy, 92, /A
Albert Bichot 2010 Lavaux Saint-Jacques Premier Cru  (Gevrey-Chambertin), Gevrey-Chambertin, Burgundy, 92, /A
Albert Bichot 2010 Domaine du Pavillon Rugiens Premier Cru  (Pommard), Pommard, Burgundy, 91, /A
Albert Bichot 2010 Clos des Maréchaudes Premier Cru  (Aloxe-Corton), Aloxe-Corton, Burgundy, 91, /A
Albert Bichot 2010 Domaine du Pavillon Clos des Mouches Premier Cru  (Beaune), Beaune, Burgundy, 91, /A
Albert Bichot 2010 Domaine du Clos Frantin  (Vosne-Romanée), Vosne-Romanée, Burgundy, 90, /A
Albert Bichot 2010 Domaine du Clos Frantin Les Murots  (Gevrey-Chambertin), Gevrey-Chambertin, Burgundy, 90, /A
Albert Bichot 2010 Domaine du Pavillon Les Santenots Premier Cru  (Volnay), Volnay, Burgundy, 90, /A
Albert Bichot 2010 Clos Prieur  (Gevrey-Chambertin), Gevrey-Chambertin, Burgundy, 89, /A
Albert Bichot 2010 Les Peuillets Premier Cru  (Savigny-lès-Beaune), Savigny-lès-Beaune, Burgundy, 89, /A
Albert Bichot 2010  Saint-Aubin, Albert Bichot 2010  Saint-Aubi, Burgundy, 88, /A
Albert Bichot 2010  Savigny-lès-Beaune, Albert Bichot 2010  Savigny-lès-Beaun, Burgundy, 88, /A
Albert Bichot 2010 Clos de l'Ermitage  (Beaune), Beaune, Burgundy, 88, /A
Albert Bichot 2010 Les Charmes  (Santenay), Santenay, Burgundy, 87, /A
Albert Bichot 2010 Domaine Adélie  (Mercurey), Mercurey, Burgundy, 86, /A
Albert Bichot 2010 Secret de Famille  (Bourgogne), Bourgogne, Burgundy, 86, /A
Albert Bichot 2010 Secret de Famille  (Bourgogne), Bourgogne, Burgundy, 85, /A
Lionel Osmin & Cie 2010  Marcillac, Lionel Osmin & Cie 2010  Marcilla, Burgundy, 87, 19
Albert Bichot 2012 Nouveau  (Beaujolais-Villages), Beaujolais-Villages, Burgundy, 85, 13
Château Prieuré-Lichine 2010  Margaux, Château Prieuré-Lichine 2010  Margau, Burgundy, 93, /A
Billecart-Salmon NV Brut Sous Bois Brut  (Champagne), Champagne, Burgundy, 93, 82
Château de Maligny 2010 L'Homme Mort Premier Cru  (Chablis), Chablis, Burgundy, 91, 40
Les Vins de Vienne 2009 Taburnum Viognier (Vin de France), Vin de France, Burgundy, 90, 65
Les Vins de Vienne 2010 Viognier (Vin de Pays des Collines Rhodaniennes), Vin de Pays des Collines Rhodaniennes, Burgundy, 90, 20
Bouvet-Ladubay 2008 Taille Princesse de Gérard Depardieu Rosé Brut  (Saumur), Saumur, Southwest France, 89, /A
Château Pas du Cerf 2011 Rosé (Côtes de Provence), Côtes de Provence, Southwest France, 84, 17
Château Ponzac 2009 Maintenant  (Cahors), Cahors, Beaujolais, 87, 16
Mas du Soleilla 2008 Clot de l'Amandier La Clape Red (Coteaux du Languedoc), Coteaux du Languedoc, Beaujolais, 91, 63
Château Cabezac 2007 Belvèze Red (Minervois), Minervois, Bordeaux, 90, 30
Laurent Miquel 2007 Saga Pegot Syrah (Faugères), Faugères, Bordeaux, 92, 25
Mas Gabinèle 2009 Red (Faugères), Faugères, Languedoc-Roussillon, 90, 20
Xavier Flouret 2010 Domaine Chatelain French Blonde  (Sancerre), Sancerre, Languedoc-Roussillon, 88, /A
Les Fusionels 2008 La Rêve Red (Faugères), Faugères, Loire Valley, 86, 20
Chateau Capion 2008 Blanc White (Coteaux du Languedoc), Coteaux du Languedoc, Loire Valley, 87, 70
Xavier Flouret 2009 Domaine Chatelain French Blonde  (Sancerre), Sancerre, Languedoc-Roussillon, 87, 25
Château Couhins 2008  Pessac-Léognan, Château Couhins 2008  Pessac-Léogna, Languedoc-Roussillon, 90, /A
Château du Trignon 2007 Rasteau Red (Côtes du Rhône Villages), Côtes du Rhône Villages, Languedoc-Roussillon, 89, 25
Albert Bichot 2005 Domaine du Clos Frantin Aux Malconsorts Premier Cru  (Vosne-Romanée), Vosne-Romanée, Languedoc-Roussillon, 95, 115
Albert Bichot 2008  Bonnes-Mares, Albert Bichot 2008  Bonnes-Mare, Loire Valley, 94, /A
Albert Bichot 2006 Domaine du Clos Frantin Aux Malconsorts Premier Cru  (Vosne-Romanée), Vosne-Romanée, Loire Valley, 94, /A
Albert Bichot 2008 Les Amoureuses Premier Cru  (Chambolle-Musigny), Chambolle-Musigny, Bordeaux, 93, /A
Albert Bichot 2008 Domaine du Clos Frantin Aux Malconsorts Premier Cru  (Vosne-Romanée), Vosne-Romanée, Bordeaux, 93, /A
Albert Bichot 2008 Les Chabiots Premier Cru  (Chambolle-Musigny), Chambolle-Musigny, Rhône Valley, 92, /A
Albert Bichot 2007 Domaine du Clos Frantin Aux Malconsorts Premier Cru  (Vosne-Romanée), Vosne-Romanée, Rhône Valley, 92, /A
Henri de Villamont 2007 Les Groseilles Premier Cru  (Chambolle-Musigny), Chambolle-Musigny, Burgundy, 91, /A
Albert Bichot 2008 Les Porrets Saint-Georges Premier Cru  (Nuits-St.-Georges), Nuits-St.-Georges, Burgundy, 90, /A
Albert Bichot 2008 Aux Clous Premier Cru  (Savigny-lès-Beaune), Savigny-lès-Beaune, Burgundy, 88, /A
Albert Bichot 2008 Domaine Adélie Champs Martin Premier Cru  (Mercurey), Mercurey, Burgundy, 88, /A
Château Béard la Chapelle 2009  Saint-Émilion, Château Béard la Chapelle 2009  Saint-Émilio, Burgundy, 85, 25
Moët & Chandon 1990 Dom Pérignon Oenothèque Rosé Brut  (Champagne), Champagne, Burgundy, 97, /A
Albert Bichot 2008 Domaine du Pavillon  (Corton-Charlemagne), Corton-Charlemagne, Burgundy, 94, /A
Albert Bichot 2008 Les Perrières Premier Cru  (Puligny-Montrachet), Puligny-Montrachet, Burgundy, 93, /A
Albert Bichot 2008 Domaine du Pavillon Clos des Mouches Premier Cru  (Beaune), Beaune, Burgundy, 93, /A
Albert Bichot 2008 Domaine du Pavillon Les Charmes Premier Cru  (Meursault), Meursault, Burgundy, 92, /A
Albert Bichot 2008  Savigny-lès-Beaune, Albert Bichot 2008  Savigny-lès-Beaun, Burgundy, 88, /A
Domaine Zind-Humbrecht 2007 Herrenweg De Turckheim Riesling (Alsace), Alsace, Burgundy, 92, 50
Fournier Père et Fils 2008 Cuvée Silex  (Sancerre), Sancerre, Burgundy, 92, 40
Albert Bichot 2007 Domaine Long-Depaquit Moutonne Grand Cru  (Chablis), Chablis, Burgundy, 95, /A
Albert Bichot 2007 Domaine du Pavillon  (Corton-Charlemagne), Corton-Charlemagne, Burgundy, 93, /A
Albert Bichot 2007 Domaine Long-Depaquit Les Clos Grand Cru  (Chablis), Chablis, Burgundy, 93, /A
Albert Bichot 2007 Domaine Long-Depaquit Les Blanchots Premier Cru  (Chablis), Chablis, Alsace, 93, /A
Albert Bichot 2007 Domaine Long-Depaquit Les Vaudésirs Grand Cru  (Chablis), Chablis, Alsace, 92, /A
Albert Bichot 2007 Domaine du Pavillon Clos des Mouches Premier Cru  (Beaune), Beaune, Loire Valley, 92, /A
Albert Bichot 2007 Domaine du Pavillon Les Charmes Premier Cru  (Meursault), Meursault, Loire Valley, 92, /A
Albert Bichot 2007 Domaine Long-Depaquit Les Vaillons Premier Cru  (Chablis), Chablis, Burgundy, 92, /A
Albert Bichot 2007 Domaine Long-Depaquit Les Vaucopins Premier Cru  (Chablis), Chablis, Burgundy, 91, /A
Albert Bichot 2007 Domaine du Pavillon Clos des Maréchaudes  (Corton), Corton, Burgundy, 90, /A
Albert Bichot 2007 Domaine du Pavillon Clos des Ursulines  (Pommard), Pommard, Burgundy, 88, /A
Albert Bichot 2008 Domaine Long-Depaquit  (Chablis), Chablis, Burgundy, 85, /A
Willm 2007 Réserve Riesling (Alsace), Alsace, Burgundy, 84, 12
Xavier Flouret 2008 Domaine Chatelain French Blonde  (Sancerre), Sancerre, Loire Valley, 90, 23
Simonnet-Febvre 2007 Sauvignon de Saint-Bris  (Saint-Bris), Saint-Bris, Loire Valley, 84, 13
French Rabbit 2007 Pinot Noir (Vin de Pays d'Oc), Vin de Pays d'Oc, Burgundy, 83, 5
Tenuta Sette Ponti NV Grand Tour 1er Cru Sparkling (Champagne), Champagne, Burgundy, 87, /A
Chateau La Tour Carnet 2008 Barrel sample  (Haut-Médoc), Haut-Médoc, Languedoc-Roussillon, 86, /A
Thiénot 2000 La Vigne aux Gamins Blanc de Blancs Brut Chardonnay (Champagne), Champagne, Languedoc-Roussillon, 93, /A
Colin NV Blanche de Castille Premier Cru Blanc de Blancs Brut Chardonnay (Champagne), Champagne, Champagne, 90, 50
Château Beauregard 2006 Le Benjamin de Beauregard  (Pomerol), Pomerol, Champagne, 89, 43
Colin NV Rosé Brut  (Champagne), Champagne, Bordeaux, 88, 59
Château Perron 2007  Graves, Château Perron 2007  Grave, Bordeaux, 86, 12
Château de Carolle 2007  Graves, Château de Carolle 2007  Grave, Champagne, 86, 10
Château Roquetaillade la Grange 2007  Graves, Château Roquetaillade la Grange 2007  Grave, Champagne, 85, 13
Château Sansey 2007  Graves, Château Sansey 2007  Grave, Champagne, 84, 11
French Maid 2007 Pinot Noir (Vin de Pays d'Oc), Vin de Pays d'Oc, Champagne, 85, 13
Xavier Flouret 2007 Domaine Chatelain French Blonde  (Sancerre), Sancerre, Bordeaux, 86, 23
Château Haut Beyzac 2005 I Second Haut Beyzac  (Haut-Médoc), Haut-Médoc, Bordeaux, 89, 27
Albert Bichot 2006 Domaine Long-Depaquit Moutonne Grand Cru  (Chablis), Chablis, Champagne, 94, 90
L'Ostal Cazes 2005 Estibals Red (Minervois), Minervois, Champagne, 89, 17
Alain Brumont 2006 Le Jardin Philosophique  (Pacherenc du Vic Bilh), Pacherenc du Vic Bilh, Bordeaux, 88, 19
Xavier Flouret 2006 Domaine Chatelan French Blonde  (Sancerre), Sancerre, Bordeaux, 86, 23
Mas de Félines 2006  Picpoul de Pinet, Mas de Félines 2006  Picpoul de Pine, Languedoc-Roussillon, 85, 13
Domaine de la Noblaie 2004 Pierre de Tuf  (Chinon), Chinon, Languedoc-Roussillon, 83, /A
Château de Carolle 2006  Graves, Château de Carolle 2006  Grave, Loire Valley, 88, 9
Château Roquetaillade la Grange 2006  Graves, Château Roquetaillade la Grange 2006  Grave, Loire Valley, 88, 12
Jaillance 2004 Grande Tradition  (Clairette de Die), Clairette de Die, Bordeaux, 87, 21
Château Perron 2006  Graves, Château Perron 2006  Grave, Bordeaux, 86, /A
Château Sansey 2006  Graves, Château Sansey 2006  Grave, Bordeaux, 83, /A
Colin 2001 Grand Cru Blanc de Blancs Brut Chardonnay (Champagne), Champagne, Bordeaux, 91, /A
Colin NV Blanche de Castille Premier Cru Blanc de Blancs Brut Chardonnay (Champagne), Champagne, Rhône Valley, 90, /A
Château Sansey 2005  Graves, Château Sansey 2005  Grave, Rhône Valley, 89, /A
Château Roquetaillade la Grange 2005  Graves, Château Roquetaillade la Grange 2005  Grave, Bordeaux, 89, /A
Château de Carolle 2005  Graves, Château de Carolle 2005  Grave, Bordeaux, 87, 12
Château Perron 2005  Graves, Château Perron 2005  Grave, Bordeaux, 86, /A
Barton & Guestier 2005 Thomas Barton Reserve  (Sauternes), Sauternes, Bordeaux, 85, /A
E. Guigal 2003 Château d'Ampuis  (Côte Rôtie), Côte Rôtie, Champagne, 92, 175
Domaines Arnaud de Raignac 2003 Château de Launay  (Bordeaux), Bordeaux, Champagne, 90, 27
Chamarré NV Grande Reserve Cabernet Sauvignon (Vin de Table Francais), Vin de Table Francais, Champagne, 86, 12
Clos Dubreuil 2004  Saint-Émilion, Clos Dubreuil 2004  Saint-Émilio, Champagne, 86, /A
Abbotts 2001 Notus Syrah (Minervois), Minervois, Bordeaux, 88, 67
Gérard Bertrand 2005 Le Blanc de Villemajou White (Corbières), Corbières, Bordeaux, 88, /A
Domaine de Vaugondy NV Ph. Perdriaux Brut  (Vouvray), Vouvray, Loire Valley, 88, 12
Jaillance NV Brut  (Crémant de Bourgogne), Crémant de Bourgogne, Loire Valley, 87, 16
Jaillance 1999 Grande Réserve Brut Clairette (Crémant de Die), Crémant de Die, Burgundy, 87, 20
Ginestet 2005 French Roots Cabernet Sauvignon Cabernet Sauvignon (Vin de Pays d'Oc), Vin de Pays d'Oc, Burgundy, 86, 8
Ginestet 2004 French Roots Merlot Merlot (Vin de Pays d'Oc), Vin de Pays d'Oc, Rhône Valley, 86, 8
Ginestet 2004 French Roots Merlot/Cabernet Sauvignon  (Bordeaux), Bordeaux, Rhône Valley, 85, 10
Ginestet 2005 French Roots Chardonnay Chardonnay (Vin de Pays d'Oc), Vin de Pays d'Oc, Languedoc-Roussillon, 84, 8
Ginestet 2005 French Roots Shiraz Shiraz (Vin de Pays d'Oc), Vin de Pays d'Oc, Languedoc-Roussillon, 84, 8
French Rabbit 2005 Cabernet Sauvignon Cabernet Sauvignon (Vin de Pays d'Oc), Vin de Pays d'Oc, Languedoc-Roussillon, 83, 10
French Rabbit 2005 Merlot Merlot (Vin de Pays d'Oc), Vin de Pays d'Oc, Languedoc-Roussillon, 82, 10
Ginestet 2005 French Roots Sauvignon Sauvignon Blanc (Vin de Pays des Côtes de Gascogne), Vin de Pays des Côtes de Gascogne, Bordeaux, 82, 8
French Rabbit 2005 Pinot Noir Pinot Noir (Vin de Pays d'Oc), Vin de Pays d'Oc, Bordeaux, 81, 10
Ginestet 2004 French Roots  (Bordeaux Blanc), Bordeaux Blanc, Languedoc-Roussillon, 81, 10
French Rabbit 2005 Chardonnay Chardonnay (Vin de Pays d'Oc), Vin de Pays d'Oc, Languedoc-Roussillon, 80, 10
Château Signac 2003 Terra Amata Chusclan Red (Côtes du Rhône Villages), Côtes du Rhône Villages, Languedoc-Roussillon, 90, 21
Château Signac 2004 Terra Amata Chusclan Red (Côtes du Rhône Villages), Côtes du Rhône Villages, Languedoc-Roussillon, 90, 22
Château Signac 2004 Tradition Chusclan Red (Côtes du Rhône Villages), Côtes du Rhône Villages, Languedoc-Roussillon, 87, 16
Château Dassault 2005 Barrel sample  (Saint-Émilion), Saint-Émilion, Languedoc-Roussillon, 87, /A
Château Larose-Trintaudon 2003  Haut-Médoc, Château Larose-Trintaudon 2003  Haut-Médo, Languedoc-Roussillon, 87, /A
Charles de Fère NV Réserve French Shiraz Shiraz (Vin Mousseux), Vin Mousseux, Languedoc-Roussillon, 86, /A
