Department,Cheese,French Page,Milk,Milk Number
Dr√¥me,P√©tafine,http://fr.wikipedia.org/wiki/P%C3%A9tafine,Goat Milk,3
Loire-Atlantique,Le Cur√© Nantais,http://fr.wikipedia.org/wiki/Le_Cur%C3%A9_Nantais,Cow Milk,1
Loiret,Frinault,http://fr.wikipedia.org/wiki/Frinault,Cow Milk,1
Savoie,Tomme de Savoie,http://fr.wikipedia.org/wiki/Tomme_de_Savoie,Cow Milk,1
Seine-Maritime,Bouille,http://fr.wikipedia.org/wiki/Bouille_%28fromage%29,Cow Milk,1
C√¥te-d'Or,Gruy√®re fran√ßais,http://fr.wikipedia.org/wiki/Gruy%C3%A8re_fran%C3%A7ais,Cow Milk,1
Eure,Pont-l'√©v√™que,http://fr.wikipedia.org/wiki/Pont-l%27%C3%A9v%C3%AAque_%28fromage%29,Cow Milk,1
Tarn,P√©rail,http://fr.wikipedia.org/wiki/P%C3%A9rail,Sheep Milk,2
Manche,Pont-l'√©v√™que,http://fr.wikipedia.org/wiki/Pont-l%27%C3%A9v%C3%AAque_%28fromage%29,Cow Milk,1
Dordogne,Chaumes,http://fr.wikipedia.org/wiki/Chaumes,Cow Milk,1
Jura,Chevret du Haut-Jura,http://fr.wikipedia.org/wiki/Chevret_du_Haut-Jura,Cow Milk,1
Doubs,Morbier,http://fr.wikipedia.org/wiki/Morbier_%28fromage%29,Cow Milk,1
Ain,Tracle,http://fr.wikipedia.org/wiki/Tracle,Cow Milk,1
Ard√®che,Rogeret des C√©vennes,http://fr.wikipedia.org/wiki/Rogeret_des_C%C3%A9vennes,Goat Milk,3
Aveyron,Rebarbe,http://fr.wikipedia.org/wiki/Rebarbe,Sheep Milk,2
Corr√®ze,Ovalie,http://fr.wikipedia.org/wiki/Ovalie_%28marque%29,Sheep Milk,2
C√¥te-d'Or,L'Ami du Chambertin,http://fr.wikipedia.org/wiki/L%27Ami_du_Chambertin,Cow Milk,1
Haute-Corse,A Filetta,http://fr.wikipedia.org/wiki/A_Filetta_%28marque%29,Sheep Milk,2
Hautes-Alpes,Saint-laurent,http://fr.wikipedia.org/wiki/Saint-laurent_%28fromage%29,Cow Milk,1
Loire-Atlantique,Saint-gildas-des-bois,http://fr.wikipedia.org/wiki/Saint-gildas-des-bois_%28fromage%29,Cow Milk,1
Loiret,Pannes cendr√©,http://fr.wikipedia.org/wiki/Pannes_cendr%C3%A9,Cow Milk,1
Nord,Dauphin,http://fr.wikipedia.org/wiki/Dauphin_%28fromage%29,Cow Milk,1
Rh√¥ne,Tarare,http://fr.wikipedia.org/wiki/Tarare_%28fromage%29,Cow Milk,1
Savoie,Chevrotin,http://fr.wikipedia.org/wiki/Chevrotin,Goat Milk,2
Savoie,Persill√© des Aravis,http://fr.wikipedia.org/wiki/Persill%C3%A9_des_Aravis,Goat Milk,2
Cantal,Bleu d'Auvergne,http://fr.wikipedia.org/wiki/Bleu_d%27Auvergne,Cow Milk,1
Aveyron,Gabriel Coulet,http://fr.wikipedia.org/wiki/Gabriel_Coulet_%28marque%29,Sheep Milk,3
Marne,Brie de Meaux,http://fr.wikipedia.org/wiki/Brie_de_Meaux,Cow Milk,1
Cantal,Cantal,http://fr.wikipedia.org/wiki/Cantal_%28fromage%29,Cow Milk,1
Savoie,Tomme crayeuse,http://fr.wikipedia.org/wiki/Tomme_crayeuse,Cow Milk,1
Haute-Marne,√âpoisses,http://fr.wikipedia.org/wiki/%C3%89poisses_%28fromage%29,Cow Milk,1
Ain,Emmental de Savoie,http://fr.wikipedia.org/wiki/Emmental_de_Savoie,Cow Milk,1
Savoie,Reblochon,http://fr.wikipedia.org/wiki/Reblochon,Cow Milk,1
Loz√®re,Tome fra√Æche,http://fr.wikipedia.org/wiki/Tome_fra%C3%AEche,Cow Milk,1
Hautes-Alpes,Aiguille d'Orci√®res,http://fr.wikipedia.org/wiki/Aiguille_d%27Orci%C3%A8res,Cow Milk,1
Marne,Moulin de Gaye,http://fr.wikipedia.org/wiki/Moulin_de_Gaye,Cow Milk,1
Puy-de-D√¥me,Goat Milkton,http://fr.wikipedia.org/wiki/Ch%C3%A8vreton,Goat Milk,3
Savoie,Beaumont,http://fr.wikipedia.org/wiki/Beaumont_%28fromage%29,Cow Milk,1
Savoie,Bleu de Termignon,http://fr.wikipedia.org/wiki/Bleu_de_Termignon,Cow Milk,1
Morbihan,Tome de Rhuys,http://fr.wikipedia.org/wiki/Tome_de_Rhuys,Cow Milk,1
Loz√®re,L√©v√©jac,http://fr.wikipedia.org/wiki/L%C3%A9v%C3%A9jac_%28marque%29,Sheep Milk,2
Mayenne,Vieux pan√©,http://fr.wikipedia.org/wiki/Vieux_pan%C3%A9,Cow Milk,1
Nord,Boulette d'Avesnes,http://fr.wikipedia.org/wiki/Boulette_d%27Avesnes,Cow Milk,1
Allier,Le D√©lice du Chalet,http://fr.wikipedia.org/wiki/Le_D%C3%A9lice_du_Chalet,Cow Milk,1
Ardennes,Rocroi,http://fr.wikipedia.org/wiki/Rocroi_%28fromage%29,Cow Milk,1
Cher,Santranges-sancerre,http://fr.wikipedia.org/wiki/Santranges-sancerre,Goat Milk,3
Corr√®ze,Pav√© corr√©zien,http://fr.wikipedia.org/wiki/Pav%C3%A9_corr%C3%A9zien,Cow Milk,1
Indre,Arthon,http://fr.wikipedia.org/wiki/Arthon_%28fromage%29,Goat Milk,3
Loiret,Ch√©cy,http://fr.wikipedia.org/wiki/Ch%C3%A9cy_%28fromage%29,Cow Milk,1
Pas-de-Calais,Vieux Boulogne,http://fr.wikipedia.org/wiki/Vieux_Boulogne,Cow Milk,1
Rh√¥ne,Charolais,http://fr.wikipedia.org/wiki/Charolais_%28fromage%29,Goat Milk,3
Cantal,Tome fra√Æche,http://fr.wikipedia.org/wiki/Tome_fra%C3%AEche,Cow Milk,1
Charente-Maritime,Caillebotte,http://fr.wikipedia.org/wiki/Caillebotte_%28fromage%29,Cow Milk,1
Loire,Fromager d'Affinois,http://fr.wikipedia.org/wiki/Fromager_d%27Affinois,Cow Milk,1
Maine-et-Loire,Chauss√©e aux moines,http://fr.wikipedia.org/wiki/Chauss%C3%A9e_aux_moines,Cow Milk,1
Moselle,Munster,http://fr.wikipedia.org/wiki/Munster_%28fromage%29,Cow Milk,1
Ille-et-Vilaine,Petit Billy,http://fr.wikipedia.org/wiki/Petit_Billy,Goat Milk,3
Charente,Taupinette,http://fr.wikipedia.org/wiki/Taupinette,Goat Milk,3
Aveyron,P√©rail,http://fr.wikipedia.org/wiki/P%C3%A9rail,Sheep Milk,2
Savoie,Thollon,http://fr.wikipedia.org/wiki/Thollon,Cow Milk,1
Oise,Tomme au foin,http://fr.wikipedia.org/wiki/Tomme_au_foin,Cow Milk,1
Haute-Loire,Fromage aux artisons,http://fr.wikipedia.org/wiki/Fromage_aux_artisons,Cow Milk,1
Ard√®che,Picodon,http://fr.wikipedia.org/wiki/Picodon,Goat Milk,3
Lot,Cab√©cou,http://fr.wikipedia.org/wiki/Cab%C3%A9cou,Goat Milk,3
Vosges,Munster,http://fr.wikipedia.org/wiki/Munster_%28fromage%29,Cow Milk,1
Calvados,Pav√© d'Auge,http://fr.wikipedia.org/wiki/Pav%C3%A9_d%27Auge,Cow Milk,1
Corr√®ze,Truffe de Ventadour,http://fr.wikipedia.org/wiki/Truffe_de_Ventadour,Goat Milk,3
Haute-Loire,Bleu de Costaros,http://fr.wikipedia.org/wiki/Bleu_de_Costaros,Cow Milk,1
Indre,Tournon-saint-pierre,http://fr.wikipedia.org/wiki/Tournon-saint-pierre_%28fromage%29,Goat Milk,3
Pas-de-Calais,Pav√© aux Algues de Samer,http://fr.wikipedia.org/wiki/Pav%C3%A9_aux_Algues_de_Samer,Cow Milk,1
Yonne,Saint-florentin,http://fr.wikipedia.org/wiki/Saint-florentin_%28fromage%29,Cow Milk,1
Savoie,Gruy√®re fran√ßais,http://fr.wikipedia.org/wiki/Gruy%C3%A8re_fran%C3%A7ais,Cow Milk,1
Dr√¥me,Foudjou,http://fr.wikipedia.org/wiki/Foudjou,Goat Milk,3
Ain,Pourri bressan,http://fr.wikipedia.org/wiki/Pourri_bressan,Cow Milk,1
Ari√®ge,Le Moulis,http://fr.wikipedia.org/wiki/Le_Moulis,Sheep Milk,2
Is√®re,Bleu de Lavaldens,http://fr.wikipedia.org/wiki/Bleu_de_Lavaldens,Cow Milk,1
Seine-et-Marne,Coulommiers,http://fr.wikipedia.org/wiki/Coulommiers_%28fromage%29,Cow Milk,1
Pyr√©n√©es-Atlantiques,Ossau-iraty,http://fr.wikipedia.org/wiki/Ossau-iraty,Sheep Milk,2
Aveyron,Bleu d'Auvergne,http://fr.wikipedia.org/wiki/Bleu_d%27Auvergne,Cow Milk,1
Doubs,Gruy√®re fran√ßais,http://fr.wikipedia.org/wiki/Gruy%C3%A8re_fran%C3%A7ais,Cow Milk,1
Ain,Bleu de Gex,http://fr.wikipedia.org/wiki/Bleu_de_Gex,Cow Milk,1
Loz√®re,Laguiole,http://fr.wikipedia.org/wiki/Laguiole_%28fromage%29,Cow Milk,1
Haute-Loire,Rochebaron,http://fr.wikipedia.org/wiki/Rochebaron,Cow Milk,1
Gard,Picodon,http://fr.wikipedia.org/wiki/Picodon,Goat Milk,3
Indre-et-Loire,Valen√ßay,http://fr.wikipedia.org/wiki/Valen%C3%A7ay_%28fromage%29,Goat Milk,3
Vaucluse,Picodon,http://fr.wikipedia.org/wiki/Picodon,Goat Milk,3
Ain,Clon,http://fr.wikipedia.org/wiki/Clon,Cow Milk,1
Dordogne,St M√¥ret,http://fr.wikipedia.org/wiki/St_M%C3%B4ret,Cow Milk,1
Haute-Sa√¥ne,Gruy√®re fran√ßais,http://fr.wikipedia.org/wiki/Gruy%C3%A8re_fran%C3%A7ais,Cow Milk,1
Hautes-Alpes,Persill√© du col Bayard,http://fr.wikipedia.org/wiki/Persill%C3%A9_du_col_Bayard,Cow Milk,1
Loire-Atlantique,Gourmelin,http://fr.wikipedia.org/wiki/Gourmelin_%28fromage%29,Cow Milk,1
R√©union,Mont B√©bour,http://fr.wikipedia.org/wiki/Mont_B%C3%A9bour,Cow Milk,1
R√©union,Piton Ma√Ødo,http://fr.wikipedia.org/wiki/Piton_Ma%C3%AFdo_%28fromage%29,Cow Milk,1
Rh√¥ne,Rigotte de Condrieu,http://fr.wikipedia.org/wiki/Rigotte_de_Condrieu,Goat Milk,3
Cantal,Saint-nectaire,http://fr.wikipedia.org/wiki/Saint-nectaire_%28fromage%29,Cow Milk,1
Haute-Marne,Gruy√®re fran√ßais,http://fr.wikipedia.org/wiki/Gruy%C3%A8re_fran%C3%A7ais,Cow Milk,1
Loz√®re,P√©lardon,http://fr.wikipedia.org/wiki/P%C3%A9lardon,Goat Milk,3
Aube,Brie de Melun,http://fr.wikipedia.org/wiki/Brie_de_Melun,Cow Milk,1
Ain,Chevret,http://fr.wikipedia.org/wiki/Chevret,Goat Milk,3
Jura,P√©rassu,http://fr.wikipedia.org/wiki/P%C3%A9rassu,Cow Milk,1
Loz√®re,Rebarbe,http://fr.wikipedia.org/wiki/Rebarbe,Sheep Milk,2
R√©union,Takamaka,http://fr.wikipedia.org/wiki/Takamaka_%28fromage%29,Goat Milk,3
Savoie,Cow Milkrin des Bauges,http://fr.wikipedia.org/wiki/Cow Milkrin_des_Bauges,Cow Milk,1
Sa√¥ne-et-Loire,M√¢connais,http://fr.wikipedia.org/wiki/M%C3%A2connais_%28fromage%29,Goat Milk,3
Seine-Maritime,Neufch√¢tel,http://fr.wikipedia.org/wiki/Neufch%C3%A2tel_%28fromage%29,Cow Milk,1
Aveyron,Cab√©cou,http://fr.wikipedia.org/wiki/Cab%C3%A9cou,Goat Milk,3
Aube,Soumaintrain,http://fr.wikipedia.org/wiki/Soumaintrain_%28fromage%29,Cow Milk,1
Savoie,Raclette,http://fr.wikipedia.org/wiki/Raclette,Cow Milk,1
Loir-et-Cher,Valen√ßay,http://fr.wikipedia.org/wiki/Valen%C3%A7ay_%28fromage%29,Goat Milk,3
Aude,P√©lardon,http://fr.wikipedia.org/wiki/P%C3%A9lardon,Goat Milk,3
Ari√®ge,Bethmale,http://fr.wikipedia.org/wiki/Bethmale_%28fromage%29,Cow Milk,1
Nord,Rollot,http://fr.wikipedia.org/wiki/Rollot_%28fromage%29,Cow Milk,1
Loir-et-Cher,Le Petit Tr√¥o,http://fr.wikipedia.org/wiki/Le_Petit_Tr%C3%B4o,Cow Milk,1
Puy-de-D√¥me,Le Lavort,http://fr.wikipedia.org/wiki/Le_Lavort,Sheep Milk,2
Pyr√©n√©es-Atlantiques,Ardi-Gasna,http://fr.wikipedia.org/wiki/Ardi-Gasna,Sheep Milk,2
Rh√¥ne,M√¢connais,http://fr.wikipedia.org/wiki/M%C3%A2connais_%28fromage%29,Goat Milk,3
Yonne,Boulette de la Pierre-qui-Vire,http://fr.wikipedia.org/wiki/Boulette_de_la_Pierre-qui-Vire,Cow Milk,1
Loz√®re,Bleu des Causses,http://fr.wikipedia.org/wiki/Bleu_des_Causses,Cow Milk,1
Tarn,P√©lardon,http://fr.wikipedia.org/wiki/P%C3%A9lardon,Goat Milk,3
Cher,Faisselle,http://fr.wikipedia.org/wiki/Faisselle,Cow Milk,1
Yonne,Brie de Melun,http://fr.wikipedia.org/wiki/Brie_de_Melun,Cow Milk,1
Haute-Garonne,Cathare,http://fr.wikipedia.org/wiki/Cathare_%28marque%29,Goat Milk,3
Aube,Chaource,http://fr.wikipedia.org/wiki/Chaource_%28fromage%29,Cow Milk,1
Haute-Garonne,Tomme des Pyr√©n√©es,http://fr.wikipedia.org/wiki/Tomme_des_Pyr%C3%A9n%C3%A9es,Cow Milk,1
Cher,Crottin de Chavignol,http://fr.wikipedia.org/wiki/Crottin_de_Chavignol,Goat Milk,3
Territoire de Belfort,Gruy√®re fran√ßais,http://fr.wikipedia.org/wiki/Gruy%C3%A8re_fran%C3%A7ais,Cow Milk,1
Ari√®ge,Monts√©gur,http://fr.wikipedia.org/wiki/Monts%C3%A9gur_%28marque%29,Cow Milk,1
Cantal,Bleu de Thi√©zac,http://fr.wikipedia.org/wiki/Bleu_de_Thi%C3%A9zac,Cow Milk,1
Jura,La Cow Milk qui rit,http://fr.wikipedia.org/wiki/La_Cow Milk_qui_rit,Cow Milk,1
Loiret,Patay,http://fr.wikipedia.org/wiki/Patay_%28fromage%29,Cow Milk,1
Lot,Rocamadour,http://fr.wikipedia.org/wiki/Rocamadour_%28fromage%29,Goat Milk,3
Eure,Le Pav√© du Plessis,http://fr.wikipedia.org/wiki/Le_Pav%C3%A9_du_Plessis,Cow Milk,1
Loz√®re,Persill√© du Malzieu,http://fr.wikipedia.org/wiki/Persill%C3%A9_du_Malzieu,Sheep Milk,2
Nord,Baguette paysanne √† la moutarde,http://fr.wikipedia.org/wiki/Baguette_paysanne_%C3%A0_la_moutarde,Cow Milk,1
Pas-de-Calais,Ch'ti Cr√©meux,http://fr.wikipedia.org/wiki/Ch%27ti_Cr%C3%A9meux,Cow Milk,1
Sa√¥ne-et-Loire,Charolais,http://fr.wikipedia.org/wiki/Charolais_%28fromage%29,Goat Milk,3
Haut-Rhin,Munster,http://fr.wikipedia.org/wiki/Munster_%28fromage%29,Cow Milk,1
Pas-de-Calais,Rollot,http://fr.wikipedia.org/wiki/Rollot_%28fromage%29,Cow Milk,1
Haute-Corse,Brin d'amour,http://fr.wikipedia.org/wiki/Brin_d%27amour,Sheep Milk,2
Savoie,Abbaye de Tami√©,http://fr.wikipedia.org/wiki/Abbaye_de_Tami%C3%A9_%28fromage%29,Cow Milk,1
Ain,Chevret du Haut-Jura,http://fr.wikipedia.org/wiki/Chevret_du_Haut-Jura,Cow Milk,1
Ard√®che,Le Coucouron,http://fr.wikipedia.org/wiki/Le_Coucouron,Cow Milk,1
Loire,Charolais,http://fr.wikipedia.org/wiki/Charolais_%28fromage%29,Goat Milk,3
Loire,Rigotte de P√©lussin,http://fr.wikipedia.org/wiki/Rigotte_de_P%C3%A9lussin,Goat Milk,3
Loiret,Olivet,http://fr.wikipedia.org/wiki/Olivet_%28fromage%29,Cow Milk,1
Pyr√©n√©es-Atlantiques,Le Brebiou,http://fr.wikipedia.org/wiki/Le_Brebiou,Sheep Milk,2
R√©union,Notre Dame de la Paix,http://fr.wikipedia.org/wiki/Notre_Dame_de_la_Paix,Cow Milk,1
R√©union,Ti frais des Hauts,http://fr.wikipedia.org/wiki/Ti_frais_des_Hauts,Cow Milk,1
Savoie,Persill√© de Tignes,http://fr.wikipedia.org/wiki/Persill%C3%A9_de_Tignes,Goat Milk,3
Yonne,Abbaye de la Pierre-qui-Vire,http://fr.wikipedia.org/wiki/Abbaye_de_la_Pierre-qui-Vire_%28fromage%29,Cow Milk,1
C√¥te-d'Or,Le Trou du Cru,http://fr.wikipedia.org/wiki/Le_Trou_du_Cru,Cow Milk,1
Pyr√©n√©es-Atlantiques,Etorki,http://fr.wikipedia.org/wiki/Etorki,Sheep Milk,2
Loir-et-Cher,Sainte-Maure de Touraine,http://fr.wikipedia.org/wiki/Sainte-Maure_de_Touraine_%28fromage%29,Goat Milk,3
H√©rault,P√©lardon,http://fr.wikipedia.org/wiki/P%C3%A9lardon,Goat Milk,3
Ari√®ge,Tomme des Pyr√©n√©es,http://fr.wikipedia.org/wiki/Tomme_des_Pyr%C3%A9n%C3%A9es,Cow Milk,1
Nord,Mont des Cats,http://fr.wikipedia.org/wiki/Mont_des_Cats_%28marque_de_fromage%29,Cow Milk,1
Mayenne,Pont-l'√©v√™que,http://fr.wikipedia.org/wiki/Pont-l%27%C3%A9v%C3%AAque_%28fromage%29,Cow Milk,1
Pas-de-Calais,Fort de B√©thune,http://fr.wikipedia.org/wiki/Fort_de_B%C3%A9thune,Cow Milk,1
Loz√®re,Bleu d'Auvergne,http://fr.wikipedia.org/wiki/Bleu_d%27Auvergne,Cow Milk,1
Haute-Marne,Caprice des Dieux,http://fr.wikipedia.org/wiki/Caprice_des_Dieux,Cow Milk,1
Seine-et-Marne,Brie de Melun,http://fr.wikipedia.org/wiki/Brie_de_Melun,Cow Milk,1
C√¥te-d'Or,Aisy cendr√©,http://fr.wikipedia.org/wiki/Aisy_cendr%C3%A9,Cow Milk,1
Savoie,Br√©zain,http://fr.wikipedia.org/wiki/Br%C3%A9zain,Cow Milk,1
Haute-Corse,Corsica,http://fr.wikipedia.org/wiki/Corsica_%28marque%29,Sheep Milk,2
Pas-de-Calais,Le Sire de Cr√©quy,http://fr.wikipedia.org/wiki/Le_Sire_de_Cr%C3%A9quy,Cow Milk,1
Savoie,Bleu du Mont-Cenis,http://fr.wikipedia.org/wiki/Bleu_du_Mont-Cenis,Cow Milk,1
Haute-Loire,Bleu d'Auvergne,http://fr.wikipedia.org/wiki/Bleu_d%27Auvergne,Cow Milk,1
Calvados,Pont-l'√©v√™que,http://fr.wikipedia.org/wiki/Pont-l%27%C3%A9v%C3%AAque_%28fromage%29,Cow Milk,1
Yonne,Boule des moines,http://fr.wikipedia.org/wiki/Boule_des_moines,Cow Milk,1
Seine-Maritime,Le Graval,http://fr.wikipedia.org/wiki/Le_Graval,Cow Milk,1
Aveyron,Soci√©t√©,http://fr.wikipedia.org/wiki/Soci%C3%A9t%C3%A9_%28marque%29,Sheep Milk,2
C√¥te-d'Or,Petit Gaugry,http://fr.wikipedia.org/wiki/Petit_Gaugry,Cow Milk,1
Aisne,Belle des champs,http://fr.wikipedia.org/wiki/Belle_des_champs,Cow Milk,1
Rh√¥ne,Ar√¥me au vin blanc,http://fr.wikipedia.org/wiki/Ar%C3%B4me_au_vin_blanc,Cow Milk,1
Savoie,Grataron du Beaufortain,http://fr.wikipedia.org/wiki/Grataron_du_Beaufortain,Goat Milk,3
Sa√¥ne-et-Loire,Autun,http://fr.wikipedia.org/wiki/Autun_%28fromage%29,Goat Milk,3
Savoie,Moelleux du Revard,http://fr.wikipedia.org/wiki/Moelleux_du_Revard,Cow Milk,1
Jura,Bleu de Gex,http://fr.wikipedia.org/wiki/Bleu_de_Gex,Cow Milk,1
Hautes-Pyr√©n√©es,Tomme des Pyr√©n√©es,http://fr.wikipedia.org/wiki/Tomme_des_Pyr%C3%A9n%C3%A9es,Cow Milk,1
Yonne,√âpoisses,http://fr.wikipedia.org/wiki/%C3%89poisses_%28fromage%29,Cow Milk,1
Somme,Rollot,http://fr.wikipedia.org/wiki/Rollot_%28fromage%29,Cow Milk,1
Aube,Barberey,http://fr.wikipedia.org/wiki/Barberey_%28fromage%29,Cow Milk,1
Haute-Loire,Bleu de Loudes,http://fr.wikipedia.org/wiki/Bleu_de_Loudes,Cow Milk,1
Nord,Briquette de l'Ecaillon,http://fr.wikipedia.org/wiki/Briquette_de_l%27Ecaillon,Goat Milk,3
Nord,T'chiot biloute,http://fr.wikipedia.org/wiki/T%27chiot_biloute,Cow Milk,1
Puy-de-D√¥me,Fourme de Rochefort-Montagne,http://fr.wikipedia.org/wiki/Fourme_de_Rochefort-Montagne,Cow Milk,1
R√©union,Petit moka,http://fr.wikipedia.org/wiki/Petit_moka,Cow Milk,1
Puy-de-D√¥me,Gaperon,http://fr.wikipedia.org/wiki/Gaperon,Cow Milk,1
Mayenne,Trappiste de Laval,http://fr.wikipedia.org/wiki/Trappiste_de_Laval,Cow Milk,1
Oise,Neufch√¢tel,http://fr.wikipedia.org/wiki/Neufch%C3%A2tel_%28fromage%29,Cow Milk,1
Savoie,Beaufort,http://fr.wikipedia.org/wiki/Beaufort_%28fromage%29,Cow Milk,1
Sarthe,Kiri,http://fr.wikipedia.org/wiki/Kiri_%28marque%29,Cow Milk,1
Lot,Bleu d'Auvergne,http://fr.wikipedia.org/wiki/Bleu_d%27Auvergne,Cow Milk,1
Ari√®ge,Le Rogallais,http://fr.wikipedia.org/wiki/Le_Rogallais,Cow Milk,1
Is√®re,Bleu du Vercors-Sassenage,http://fr.wikipedia.org/wiki/Bleu_du_Vercors-Sassenage,Cow Milk,1
Ain,Bresse Bleu,http://fr.wikipedia.org/wiki/Bresse_Bleu,Cow Milk,1
Ain,Comt√©,http://fr.wikipedia.org/wiki/Comt%C3%A9_%28fromage%29,Cow Milk,1
Allier,Charolais,http://fr.wikipedia.org/wiki/Charolais_%28fromage%29,Goat Milk,3
Aveyron,Recuite,http://fr.wikipedia.org/wiki/Recuite,Sheep Milk,2
Cantal,Carr√© d'Aurillac,http://fr.wikipedia.org/wiki/Carr%C3%A9_d%27Aurillac,Cow Milk,1
Manche,Coutances,http://fr.wikipedia.org/wiki/Coutances_%28marque%29,Cow Milk,1
Nord,Carr√© du Vinage,http://fr.wikipedia.org/wiki/Carr%C3%A9_du_Vinage,Cow Milk,1
Pyr√©n√©es-Atlantiques,Tomette de Sheep Milk,http://fr.wikipedia.org/wiki/Tomette_de_Sheep Milk,Sheep Milk,2
Savoie,Bleu de Sainte-Foy,http://fr.wikipedia.org/wiki/Bleu_de_Sainte-Foy,Cow Milk,1
Seine-et-Marne,Fontainebleau,http://fr.wikipedia.org/wiki/Fontainebleau_%28dessert%29,Cow Milk,1
Val-de-Marne,D√©lice de Saint-Cyr,http://fr.wikipedia.org/wiki/D%C3%A9lice_de_Saint-Cyr,Cow Milk,1
Mayenne,Chauss√©e aux moines,http://fr.wikipedia.org/wiki/Chauss%C3%A9e_aux_moines,Cow Milk,1
Vienne,Sainte-Maure de Touraine,http://fr.wikipedia.org/wiki/Sainte-Maure_de_Touraine_%28fromage%29,Goat Milk,3
Aveyron,Laguiole,http://fr.wikipedia.org/wiki/Laguiole_%28fromage%29,Cow Milk,1
Hautes-Pyr√©n√©es,Ossau-iraty,http://fr.wikipedia.org/wiki/Ossau-iraty,Sheep Milk,2
Aveyron,Tome fra√Æche,http://fr.wikipedia.org/wiki/Tome_fra%C3%AEche,Cow Milk,1
Allier,Chamb√©rat,http://fr.wikipedia.org/wiki/Chamb%C3%A9rat_%28fromage%29,Cow Milk,1
Indre-et-Loire,Couronne Lochoise,http://fr.wikipedia.org/wiki/Couronne_Lochoise,Goat Milk,3
Loz√®re,Le F√©dou,http://fr.wikipedia.org/wiki/Le_F%C3%A9dou,Sheep Milk,2
Nord,Tome de Cambrai,http://fr.wikipedia.org/wiki/Tome_de_Cambrai,Cow Milk,1
R√©union,Cap Noir,http://fr.wikipedia.org/wiki/Cap_Noir_%28fromage%29,Cow Milk,1
Savoie,Emmental de Savoie,http://fr.wikipedia.org/wiki/Emmental_de_Savoie,Cow Milk,1
Savoie,Tomme forte de Savoie,http://fr.wikipedia.org/wiki/Tomme_forte_de_Savoie,Cow Milk,1
Ain,Gruy√®re fran√ßais,http://fr.wikipedia.org/wiki/Gruy%C3%A8re_fran%C3%A7ais,Cow Milk,1
Aude,Tomme des Pyr√©n√©es,http://fr.wikipedia.org/wiki/Tomme_des_Pyr%C3%A9n%C3%A9es,Cow Milk,1
Puy-de-D√¥me,Roue de Ris,http://fr.wikipedia.org/wiki/Roue_de_Ris,Sheep Milk,2
Aveyron,Bleu des Causses,http://fr.wikipedia.org/wiki/Bleu_des_Causses,Cow Milk,1
Mayenne,Bons Mayennais,http://fr.wikipedia.org/wiki/Bons_Mayennais,Cow Milk,1
Puy-de-D√¥me,Saint-nectaire,http://fr.wikipedia.org/wiki/Saint-nectaire_%28fromage%29,Cow Milk,1
Haute-Sa√¥ne,Munster,http://fr.wikipedia.org/wiki/Munster_%28fromage%29,Cow Milk,1
Jura,Gruy√®re fran√ßais,http://fr.wikipedia.org/wiki/Gruy%C3%A8re_fran%C3%A7ais,Cow Milk,1
Indre,Valen√ßay,http://fr.wikipedia.org/wiki/Valen%C3%A7ay_%28fromage%29,Goat Milk,3
Puy-de-D√¥me,Fourme d'Ambert,http://fr.wikipedia.org/wiki/Fourme_d%27Ambert,Cow Milk,1
Charente,Chavroux,http://fr.wikipedia.org/wiki/Chavroux,Goat Milk,3
Bas-Rhin,Munster,http://fr.wikipedia.org/wiki/Munster_%28fromage%29,Cow Milk,1
Nord,Boulet de Cassel,http://fr.wikipedia.org/wiki/Boulet_de_Cassel,Cow Milk,1
Haute-Marne,Brie de Meaux,http://fr.wikipedia.org/wiki/Brie_de_Meaux,Cow Milk,1
Aisne,Dauphin,http://fr.wikipedia.org/wiki/Dauphin_%28fromage%29,Cow Milk,1
Ard√®che,Saint-f√©licien,http://fr.wikipedia.org/wiki/Saint-f%C3%A9licien_%28fromage_de_l%27Ard%C3%A8che%29,Cow Milk,1
Aveyron,Lou P√©rac,http://fr.wikipedia.org/wiki/Lou_P%C3%A9rac,Sheep Milk,2
Eure,Pav√© d'Auge,http://fr.wikipedia.org/wiki/Pav%C3%A9_d%27Auge,Cow Milk,1
Loiret,Pithiviers au foin,http://fr.wikipedia.org/wiki/Pithiviers_au_foin,Cow Milk,1
Orne,Pav√© d'Auge,http://fr.wikipedia.org/wiki/Pav%C3%A9_d%27Auge,Cow Milk,1
Savoie,Tome des Bauges,http://fr.wikipedia.org/wiki/Tome_des_Bauges,Cow Milk,1
Gard,P√©lardon,http://fr.wikipedia.org/wiki/P%C3%A9lardon,Goat Milk,3
Ain,Carr√© Frais,http://fr.wikipedia.org/wiki/Carr%C3%A9_Frais,Cow Milk,1
Nord,Le Rouchi √† l'√©chalote,http://fr.wikipedia.org/wiki/Le_Rouchi_%C3%A0_l%27%C3%A9chalote,Cow Milk,1
Pyr√©n√©es-Atlantiques,Ka√Økou,http://fr.wikipedia.org/wiki/Ka%C3%AFkou,Sheep Milk,2
R√©union,La Fournaise,http://fr.wikipedia.org/wiki/La_Fournaise_%28fromage%29,Cow Milk,1
Savoie,Abondance,http://fr.wikipedia.org/wiki/Abondance_%28fromage%29,Cow Milk,1
Puy-de-D√¥me,Bleu d'Auvergne,http://fr.wikipedia.org/wiki/Bleu_d%27Auvergne,Cow Milk,1
Indre,Sainte-Maure de Touraine,http://fr.wikipedia.org/wiki/Sainte-Maure_de_Touraine_%28fromage%29,Goat Milk,3
Pyr√©n√©es-Atlantiques,Tomme des Pyr√©n√©es,http://fr.wikipedia.org/wiki/Tomme_des_Pyr%C3%A9n%C3%A9es,Cow Milk,1
Cantal,Laguiole,http://fr.wikipedia.org/wiki/Laguiole_%28fromage%29,Cow Milk,1
Territoire de Belfort,Munster,http://fr.wikipedia.org/wiki/Munster_%28fromage%29,Cow Milk,1
Sa√¥ne-et-Loire,Morbier,http://fr.wikipedia.org/wiki/Morbier_%28fromage%29,Cow Milk,1
Cantal,Cab√©cou,http://fr.wikipedia.org/wiki/Cab%C3%A9cou,Goat Milk,2
Ain,Morbier,http://fr.wikipedia.org/wiki/Morbier_%28fromage%29,Cow Milk,1
Meurthe-et-Moselle,Munster,http://fr.wikipedia.org/wiki/Munster_%28fromage%29,Cow Milk,1
Morbihan,Trappiste de Camp√©n√©ac,http://fr.wikipedia.org/wiki/Trappiste_de_Camp%C3%A9n%C3%A9ac,Cow Milk,1
C√¥te-d'Or,√âpoisses,http://fr.wikipedia.org/wiki/%C3%89poisses_%28fromage%29,Cow Milk,1
Ard√®che,Goat Milkton,http://fr.wikipedia.org/wiki/Ch%C3%A8vreton,Goat Milk,3
Calvados,Carr√© de Bonneville,http://fr.wikipedia.org/wiki/Carr%C3%A9_de_Bonneville,Cow Milk,1
Morbihan,Abbaye de la Joie Notre-Dame,http://fr.wikipedia.org/wiki/Abbaye_de_la_Joie_Notre-Dame_%28fromage%29,Cow Milk,1
Pas-de-Calais,Trappiste de Belval,http://fr.wikipedia.org/wiki/Trappiste_de_Belval,Cow Milk,1
Savoie,Persill√© du Mont-Cenis,http://fr.wikipedia.org/wiki/Persill%C3%A9_du_Mont-Cenis,Goat Milk,3
Sarthe,Cousteron,http://fr.wikipedia.org/wiki/Cousteron,Cow Milk,1
Cantal,Fromage de Pays,http://fr.wikipedia.org/wiki/Fromage_de_Pays,Cow Milk,1
Corr√®ze,Bleu d'Auvergne,http://fr.wikipedia.org/wiki/Bleu_d%27Auvergne,Cow Milk,1
C√¥te-d'Or,Abbaye de C√Æteaux,http://fr.wikipedia.org/wiki/Abbaye_de_C%C3%AEteaux_%28marque%29,Cow Milk,1
Aveyron,Caill√©,http://fr.wikipedia.org/wiki/Caill%C3%A9,Cow Milk,1
C√¥te-d'Or,Affid√©lice,http://fr.wikipedia.org/wiki/Affid%C3%A9lice,Cow Milk,1
Pas-de-Calais,Vieux Samer,http://fr.wikipedia.org/wiki/Vieux_Samer,Cow Milk,1
Pyr√©n√©es-Atlantiques,Saint Albray,http://fr.wikipedia.org/wiki/Saint_Albray,Cow Milk,1
Sa√¥ne-et-Loire,Montrachet,http://fr.wikipedia.org/wiki/Montrachet_%28marque%29,Goat Milk,3
Cantal,Salers,http://fr.wikipedia.org/wiki/Salers_%28fromage%29,Cow Milk,1
Orne,Fourmag√©e,http://fr.wikipedia.org/wiki/Fourmag%C3%A9e,Cow Milk,1
Charente-Maritime,Tricorne de Marans,http://fr.wikipedia.org/wiki/Tricorne_de_Marans,Sheep Milk,2
Landes,Amou,http://fr.wikipedia.org/wiki/Amou_%28fromage%29,Sheep Milk,2
Pyr√©n√©es-Atlantiques,Le Bleu des Basques,http://fr.wikipedia.org/wiki/Le_Bleu_des_Basques,Sheep Milk,2
Rh√¥ne,La Pierre Dor√©e,http://fr.wikipedia.org/wiki/La_Pierre_Dor%C3%A9e,Goat Milk,3
Savoie,Tomme blanche,http://fr.wikipedia.org/wiki/Tomme_blanche,Cow Milk,1
Seine-et-Marne,Gratte-Paille,http://fr.wikipedia.org/wiki/Gratte-Paille,Cow Milk,1
Puy-de-D√¥me,Fourme de Montbrison,http://fr.wikipedia.org/wiki/Fourme_de_Montbrison,Cow Milk,1
Aube,Brie de Meaux,http://fr.wikipedia.org/wiki/Brie_de_Meaux,Cow Milk,1
Loire,Fourme de Montbrison,http://fr.wikipedia.org/wiki/Fourme_de_Montbrison,Cow Milk,1
Cher,Valen√ßay,http://fr.wikipedia.org/wiki/Valen%C3%A7ay_%28fromage%29,Goat Milk,3
Haute-Loire,Montbriac,http://fr.wikipedia.org/wiki/Montbriac,Cow Milk,1
Hautes-Alpes,Tome du Champsaur,http://fr.wikipedia.org/wiki/Tome_du_Champsaur,Cow Milk,1
Indre,Pouligny-saint-pierre,http://fr.wikipedia.org/wiki/Pouligny-saint-pierre_%28fromage%29,Goat Milk,3
Mayenne,Port-Salut,http://fr.wikipedia.org/wiki/Port-Salut_%28marque%29,Cow Milk,1
Savoie,Avalin,http://fr.wikipedia.org/wiki/Avalin,Cow Milk,1
Sa√¥ne-et-Loire,Bouton de Culotte,http://fr.wikipedia.org/wiki/Bouton_de_Culotte,Goat Milk,3
Seine-et-Marne,Brie de Montereau,http://fr.wikipedia.org/wiki/Brie_de_Montereau,Cow Milk,1
Orne,Le Rustique,http://fr.wikipedia.org/wiki/Le_Rustique,Cow Milk,1
Indre-et-Loire,Sainte-Maure de Touraine,http://fr.wikipedia.org/wiki/Sainte-Maure_de_Touraine_%28fromage%29,Goat Milk,3
Ain,Ramequin,http://fr.wikipedia.org/wiki/Ramequin_%28fromage%29,Cow Milk,1
Sa√¥ne-et-Loire,Gruy√®re fran√ßais,http://fr.wikipedia.org/wiki/Gruy%C3%A8re_fran%C3%A7ais,Cow Milk,1
Loir-et-Cher,Selles-sur-cher,http://fr.wikipedia.org/wiki/Selles-sur-cher_%28fromage%29,Goat Milk,3
Hautes-Pyr√©n√©es,Barousse,http://fr.wikipedia.org/wiki/Barousse_%28fromage%29,Sheep Milk,2
Haute-Loire,Saint Agur,http://fr.wikipedia.org/wiki/Saint_Agur,Cow Milk,1
Lot,Bleu du Quercy,http://fr.wikipedia.org/wiki/Bleu_du_Quercy,Cow Milk,1
Nord,Larron d'Ors,http://fr.wikipedia.org/wiki/Larron_d%27Ors,Cow Milk,1
R√©union,Piton des Neiges,http://fr.wikipedia.org/wiki/Piton_des_Neiges_%28fromage%29,Cow Milk,1
R√©union,Fromage des Plaines,http://fr.wikipedia.org/wiki/Fromage_des_Plaines,Cow Milk,1
Dr√¥me,Picodon,http://fr.wikipedia.org/wiki/Picodon,Goat Milk,3
Haute-Marne,Langres,http://fr.wikipedia.org/wiki/Langres_%28fromage%29,Cow Milk,1
Rh√¥ne,Ar√¥me de Lyon,http://fr.wikipedia.org/wiki/Ar%C3%B4me_de_Lyon,Cow Milk,1
Jura,Morbier,http://fr.wikipedia.org/wiki/Morbier_%28fromage%29,Cow Milk,1
Nord,Mimolette,http://fr.wikipedia.org/wiki/Mimolette,Cow Milk,1
Charente-Maritime,Jonch√©e,http://fr.wikipedia.org/wiki/Jonch%C3%A9e_%28fromage%29,Cow Milk,1
Dr√¥me,Bleu du Vercors-Sassenage,http://fr.wikipedia.org/wiki/Bleu_du_Vercors-Sassenage,Cow Milk,1
Haute-Loire,Tomme de Montagne,http://fr.wikipedia.org/wiki/Tomme_de_Montagne,Cow Milk,1
Is√®re,Gruy√®re fran√ßais,http://fr.wikipedia.org/wiki/Gruy%C3%A8re_fran%C3%A7ais,Cow Milk,1
Puy-de-D√¥me,Bleu de Laqueuille,http://fr.wikipedia.org/wiki/Bleu_de_Laqueuille,Cow Milk,1
R√©union,D√©lice de la Sicalait,http://fr.wikipedia.org/wiki/D%C3%A9lice_de_la_Sicalait,Cow Milk,1
R√©union,La Petite Raclette,http://fr.wikipedia.org/wiki/La_Petite_Raclette,Cow Milk,1
Vienne,Mottin charentais,http://fr.wikipedia.org/wiki/Mottin_charentais,Cow Milk,1
Orne,Pont-l'√©v√™que,http://fr.wikipedia.org/wiki/Pont-l%27%C3%A9v%C3%AAque_%28fromage%29,Cow Milk,1
Dordogne,Trappe √âchourgnac,http://fr.wikipedia.org/wiki/Trappe_%C3%89chourgnac,Cow Milk,1
Seine-et-Marne,Brie de Nangis,http://fr.wikipedia.org/wiki/Brie_de_Nangis,Cow Milk,1
Loire,Rigotte de Condrieu,http://fr.wikipedia.org/wiki/Rigotte_de_Condrieu,Goat Milk,3
Vosges,Gruy√®re fran√ßais,http://fr.wikipedia.org/wiki/Gruy%C3%A8re_fran%C3%A7ais,Cow Milk,1
Pyr√©n√©es-Atlantiques,P'tit Basque,http://fr.wikipedia.org/wiki/P%27tit_Basque,Sheep Milk,2
Seine-Maritime,Pont-l'√©v√™que,http://fr.wikipedia.org/wiki/Pont-l%27%C3%A9v%C3%AAque_%28fromage%29,Cow Milk,1
Seine-et-Marne,Brie de Meaux,http://fr.wikipedia.org/wiki/Brie_de_Meaux,Cow Milk,1
Aveyron,Roquefort,http://fr.wikipedia.org/wiki/Roquefort_%28fromage%29,Sheep Milk,2
Allier,Bessay,http://fr.wikipedia.org/wiki/Bessay_%28fromage%29,Cow Milk,1
Allier,Grand tomachon,http://fr.wikipedia.org/wiki/Grand_tomachon,Cow Milk,1
Eure-et-Loir,Voves cendr√©,http://fr.wikipedia.org/wiki/Voves_cendr%C3%A9,Cow Milk,1
Hautes-Alpes,Bleu du D√©voluy,http://fr.wikipedia.org/wiki/Bleu_du_D%C3%A9voluy,Cow Milk,1
Hautes-Alpes,Pic du Vieux Chaillol,http://fr.wikipedia.org/wiki/Pic_du_Vieux_Chaillol_%28fromage%29,Cow Milk,1
Loire-Atlantique,Chandamour,http://fr.wikipedia.org/wiki/Chandamour,Cow Milk,1
Moselle,Tomme de Gorze,http://fr.wikipedia.org/wiki/Tomme_de_Gorze,Cow Milk,1
Moselle,Tourr√©e de l'Aubier,http://fr.wikipedia.org/wiki/Tourr%C3%A9e_de_l%27Aubier,Cow Milk,1
Pas-de-Calais,Cr√©met du Cap Blanc Nez,http://fr.wikipedia.org/wiki/Cr%C3%A9met_du_Cap_Blanc_Nez,Cow Milk,1
Pyr√©n√©es-Atlantiques,Abbaye de Belloc,http://fr.wikipedia.org/wiki/Abbaye_de_Belloc_%28fromage%29,Sheep Milk,2
Pyr√©n√©es-Atlantiques,Gaztanbera,http://fr.wikipedia.org/wiki/Gaztanbera,Sheep Milk,2
Savoie,Fromage aux noix,http://fr.wikipedia.org/wiki/Fromage_aux_noix,Cow Milk,1
Yonne,Supr√™me des Ducs,http://fr.wikipedia.org/wiki/Supr%C3%AAme_des_Ducs,Cow Milk,1
Loiret,Crottin de Chavignol,http://fr.wikipedia.org/wiki/Crottin_de_Chavignol,Goat Milk,3
Yonne,Soumaintrain,http://fr.wikipedia.org/wiki/Soumaintrain_%28fromage%29,Cow Milk,1